Layer Error,Layer Number,Layer Height,Material Type,Extrusion Temperature,Print Speed,Layer Adhesion Quality,Infill Density,Infill Pattern,Shell Thickness,Overhang Angle,Cooling Fan Speed,Retraction Settings,Z-Offset Adjustment,Print Bed Temperature,Layer Time,file_name,image url
SUCCESS,1,0.2,PLA,210,50,Good,20,Grid,2,45,50,5mm,0.05,60,5min_12sec,fl_layer_200000.png,https://drive.google.com/uc?export=download&id=18dB2HuwpFoyW0AyFDIilJ_PqbYkgeUkH
SUCCESS,2,0.2,PLA,210,50,Good,20,Grid,2,45,50,5mm,0.05,60,5min_15sec,fl_layer_200001.png,https://drive.google.com/uc?export=download&id=1rjvozn0WYfBpKoDAMaM6uL33aog3hmlC
SUCCESS,3,0.2,PLA,210,50,Good,20,Grid,2,45,50,5mm,0.05,60,5min_14sec,fl_layer_200002.png,https://drive.google.com/uc?export=download&id=1R0ImzawRYPqpLkGIIubq5joOaQ-ABpM4
SUCCESS,4,0.2,PLA,210,50,Good,20,Grid,2,45,50,5mm,0.05,60,5min_13sec,fl_layer_200003.png,https://drive.google.com/uc?export=download&id=1bRTy3oXm4tKIvTWyRaKLaJVCL75ekjAb
SUCCESS,5,0.2,PLA,210,50,Good,20,Grid,2,45,50,5mm,0.05,60,5min_16sec,fl_layer_200004.png,https://drive.google.com/uc?export=download&id=1osNY3-QQeltt6ZuwWIKmnrkxJCpR3D5r
SUCCESS,6,0.2,PLA,210,50,Good,20,Grid,2,45,50,5mm,0.05,60,5min_17sec,fl_layer_200005.png,https://drive.google.com/uc?export=download&id=17ubq7TWNZfA0yNoTCr8IsNWp1UhRhi4D
SUCCESS,7,0.2,PLA,210,50,Good,20,Grid,2,45,50,5mm,0.05,60,5min_18sec,fl_layer_200006.png,https://drive.google.com/uc?export=download&id=1V2yNSKF_kEGaK5W4nuBzcCxzjgEUhEqX
SUCCESS,8,0.2,PLA,210,50,Good,20,Grid,2,45,50,5mm,0.05,60,5min_11sec,fl_layer_200007.png,https://drive.google.com/uc?export=download&id=1CqA7LFA_D695AreX7JdjNymaVnN_U2nK
SUCCESS,9,0.2,PLA,210,50,Good,20,Grid,2,45,50,5mm,0.05,60,5min_10sec,fl_layer_200008.png,https://drive.google.com/uc?export=download&id=1toJwUsEzWx3qbqgc903mZcZmeE2JUmMu
TEMP_OUT_OF_RANGE,10,0.2,PLA,210,50,Good,20,Grid,2,45,50,5mm,0.05,60,5min_9sec,fl_layer_200009.png,https://drive.google.com/uc?export=download&id=1JMf2wZR8SppE5d3w9pQmAnbFrlBMGcuA
TEMP_OUT_OF_RANGE,11,0.2,PLA,210,50,Good,20,Grid,2,45,50,5mm,0.05,60,5min_8sec,fl_layer_200010.png,https://drive.google.com/uc?export=download&id=1gC-5UjMZkR7ZVJc8oLusliBb_uhJDnMB
TEMP_OUT_OF_RANGE,12,0.2,PLA,210,50,Good,20,Grid,2,45,50,5mm,0.05,60,5min_7sec,fl_layer_200011.png,https://drive.google.com/uc?export=download&id=11LHDnB-whkepUosbTPFkKQ_y3sEyrCwx
SUCCESS,13,0.2,PLA,210,50,Good,20,Grid,2,45,50,5mm,0.05,60,5min_6sec,fl_layer_200012.png,https://drive.google.com/uc?export=download&id=1RVjV88xuiD3NdrKA0QqnSMmXwpkmpAsD
SUCCESS,14,0.2,PLA,210,50,Good,20,Grid,2,45,50,5mm,0.05,60,5min_5sec,fl_layer_200013.png,https://drive.google.com/uc?export=download&id=15gUESvtjj1lj0YpFYQkXcwRygyrde-CH
SUCCESS,15,0.2,PLA,210,50,Good,20,Grid,2,45,50,5mm,0.05,60,5min_4sec,fl_layer_200014.png,https://drive.google.com/uc?export=download&id=12Qix8auQ4vswQcQE43AKe8ELiu5a5bzW
SUCCESS,16,0.2,PLA,210,50,Good,20,Grid,2,45,50,5mm,0.05,60,5min_3sec,fl_layer_200015.png,https://drive.google.com/uc?export=download&id=17I6i4_LbWROnEXlRqKuvxtonnicuf6NK
SUCCESS,17,0.2,PLA,210,50,Good,20,Grid,2,45,50,5mm,0.05,60,5min_2sec,fl_layer_200016.png,https://drive.google.com/uc?export=download&id=1bkWeG4pGKBMu-jOs2druqfz-EvGrslUr
SUCCESS,18,0.2,PLA,210,50,Good,20,Grid,2,45,50,5mm,0.05,60,5min_1sec,fl_layer_200017.png,https://drive.google.com/uc?export=download&id=1CEujy2FoMT8vwFsc-H4s9m8gbo_jo46o
SUCCESS,19,0.2,PLA,210,50,Good,20,Grid,2,45,50,5mm,0.05,60,5min_0sec,fl_layer_200018.png,https://drive.google.com/uc?export=download&id=1VE8On8aYVx-5_f0sUbGOf3zAlc-pgY5s
SUCCESS,20,0.2,PLA,210,50,Good,20,Grid,2,45,50,5mm,0.05,60,5min_10sec,fl_layer_200019.png,https://drive.google.com/uc?export=download&id=1XZnEG2hpfJNaiYEiNBC8112Ju_pFZzox
SUCCESS,21,0.2,PLA,210,50,Good,20,Grid,2,45,50,5mm,0.05,60,5min_12sec,fl_layer_200020.png,https://drive.google.com/uc?export=download&id=1HeX-cwvuEUGHkimIx6njHc1r_bfUOYDY
SUCCESS,22,0.2,PLA,210,50,Good,20,Grid,2,45,50,5mm,0.05,60,5min_15sec,fl_layer_200021.png,https://drive.google.com/uc?export=download&id=1e7WxlqhrCY-stxqeUj8UyFpbITzNqb6v
SUCCESS,23,0.2,PLA,210,50,Good,20,Grid,2,45,50,5mm,0.05,60,5min_14sec,fl_layer_200022.png,https://drive.google.com/uc?export=download&id=1kPRA_dQb70P9oYXFylVm_eHFpETBFLZ5
SUCCESS,24,0.2,PLA,210,50,Good,20,Grid,2,45,50,5mm,0.05,60,5min_13sec,fl_layer_200023.png,https://drive.google.com/uc?export=download&id=1JflRg8hrG7Yr_KwsxcnrpSTtBHNvd9uv
SUCCESS,25,0.2,PLA,210,50,Good,20,Grid,2,45,50,5mm,0.05,60,5min_16sec,fl_layer_200024.png,https://drive.google.com/uc?export=download&id=1MLO8b3s-FSi5E2KRkU3osRYR_YusINfY
SUCCESS,26,0.2,PLA,210,50,Good,20,Grid,2,45,50,5mm,0.05,60,5min_17sec,fl_layer_200025.png,https://drive.google.com/uc?export=download&id=1cdALSc_rhUIvvOY-61x3HOdHo5ERQez3
SUCCESS,27,0.2,PLA,210,50,Good,20,Grid,2,45,50,5mm,0.05,60,5min_18sec,fl_layer_200026.png,https://drive.google.com/uc?export=download&id=16Tj6GMM7eV_PWPW3ejyDcVraHd8zd7he
SUCCESS,28,0.2,PLA,210,50,Good,20,Grid,2,45,50,5mm,0.05,60,5min_11sec,fl_layer_200027.png,https://drive.google.com/uc?export=download&id=1JUHLzJvyJpnLJ8N254FPz2ZSZ1vpzTRL
SUCCESS,29,0.2,PLA,210,50,Good,20,Grid,2,45,50,5mm,0.05,60,5min_10sec,fl_layer_200028.png,https://drive.google.com/uc?export=download&id=1MtWJon3abcOYeixPJE68WBDWUpb79Rip
SUCCESS,30,0.2,PLA,210,50,Good,20,Grid,2,45,50,5mm,0.05,60,5min_9sec,fl_layer_200029.png,https://drive.google.com/uc?export=download&id=1R8VqQ2O1BeHh8aLNpiz4gqKUs81n07AQ
SUCCESS,31,0.2,PLA,210,50,Good,20,Grid,2,45,50,5mm,0.05,60,5min_8sec,fl_layer_200030.png,https://drive.google.com/uc?export=download&id=1SUS95ojJBHh6GZaluMPmF9n9RkGIY2Cf
SUCCESS,32,0.2,PLA,210,50,Good,20,Grid,2,45,50,5mm,0.05,60,5min_7sec,fl_layer_200031.png,https://drive.google.com/uc?export=download&id=1kEJuxLwI_0ngGc2PXAUZigvhZpjkt7dQ
SUCCESS,33,0.2,PLA,210,50,Good,20,Grid,2,45,50,5mm,0.05,60,5min_6sec,fl_layer_200032.png,https://drive.google.com/uc?export=download&id=1NDkg2Sznv-z4YMa7oQvawbZSNAPNKk2x
SUCCESS,34,0.2,PLA,210,50,Good,20,Grid,2,45,50,5mm,0.05,60,5min_5sec,fl_layer_200033.png,https://drive.google.com/uc?export=download&id=1UDWq0cPqswS55sk2Nj1pZsN_JMAhR6hk
SUCCESS,35,0.2,PLA,210,50,Good,20,Grid,2,45,50,5mm,0.05,60,5min_4sec,fl_layer_200034.png,https://drive.google.com/uc?export=download&id=1znM782xSdrF9QfUP3Z_pqPUla_6XR59Z
SUCCESS,36,0.2,PLA,210,50,Good,20,Grid,2,45,50,5mm,0.05,60,5min_3sec,fl_layer_200035.png,https://drive.google.com/uc?export=download&id=1EqgdivR8eHksbElnjDyz2San7Pst2QeP
SUCCESS,37,0.2,PLA,210,50,Good,20,Grid,2,45,50,5mm,0.05,60,5min_2sec,fl_layer_200036.png,https://drive.google.com/uc?export=download&id=1mYnq0uL8Cvp2RsB_7vBdjX8IuU9Lymzd
SUCCESS,38,0.2,PLA,210,50,Good,20,Grid,2,45,50,5mm,0.05,60,5min_1sec,fl_layer_200037.png,https://drive.google.com/uc?export=download&id=17dpu_h9qP6DSV5rTXZ_owslQtYxnILwq
SUCCESS,39,0.2,PLA,210,50,Good,20,Grid,2,45,50,5mm,0.05,60,5min_0sec,fl_layer_200038.png,https://drive.google.com/uc?export=download&id=1B7OPexyL5mpqme7kXiv14BmbXUVbYkK2
SUCCESS,40,0.2,PLA,210,50,Good,20,Grid,2,45,50,5mm,0.05,60,5min_10sec,fl_layer_200039.png,https://drive.google.com/uc?export=download&id=1Ucq2AB3xZ7A97HEF37pX4_L2PKgoD5By
SUCCESS,41,0.2,PLA,210,50,Good,20,Grid,2,45,50,5mm,0.05,60,5min_12sec,fl_layer_200040.png,https://drive.google.com/uc?export=download&id=1o3pQtfLO2x-qAu8YJ_hEX2VnyU-YsHcf
SUCCESS,42,0.2,PLA,210,50,Good,20,Grid,2,45,50,5mm,0.05,60,5min_15sec,fl_layer_200041.png,https://drive.google.com/uc?export=download&id=19bQ1yNJgYXexkQZA0DF2h2VDTyCBmCcF
SUCCESS,43,0.2,PLA,210,50,Good,20,Grid,2,45,50,5mm,0.05,60,5min_14sec,fl_layer_200042.png,https://drive.google.com/uc?export=download&id=1SVYEx8fePnU2ipbDv8LKEplPlRLWIeRG
SUCCESS,44,0.2,PLA,210,50,Good,20,Grid,2,45,50,5mm,0.05,60,5min_13sec,fl_layer_200043.png,https://drive.google.com/uc?export=download&id=1-D-X0KrYoTvyJgtB4j0yg-Hv2ZNxPGGW
SUCCESS,45,0.2,PLA,210,50,Good,20,Grid,2,45,50,5mm,0.05,60,5min_16sec,fl_layer_200044.png,https://drive.google.com/uc?export=download&id=1J33ppuQYVUzkkAUfFOUuqHyWx-0LlFx9
SUCCESS,46,0.2,PLA,210,50,Good,20,Grid,2,45,50,5mm,0.05,60,5min_17sec,fl_layer_200045.png,https://drive.google.com/uc?export=download&id=1l6FyfH-RtzphnDCsBN4AH3npgub5yUZ7
SUCCESS,47,0.2,PLA,210,50,Good,20,Grid,2,45,50,5mm,0.05,60,5min_18sec,fl_layer_200046.png,https://drive.google.com/uc?export=download&id=1NkT17_zJEszgId_FU-yCGigkW3ZbKg3q
SUCCESS,48,0.2,PLA,210,50,Good,20,Grid,2,45,50,5mm,0.05,60,5min_11sec,fl_layer_200047.png,https://drive.google.com/uc?export=download&id=1SRPLNlKKjrOfC6czL-BuDqwN-qiXubeQ
SUCCESS,49,0.2,PLA,210,50,Good,20,Grid,2,45,50,5mm,0.05,60,5min_10sec,fl_layer_200048.png,https://drive.google.com/uc?export=download&id=1fzj1zVcltqi9GyFySoioJWVyDkKe8REF
SUCCESS,50,0.2,PLA,210,50,Good,20,Grid,2,45,50,5mm,0.05,60,5min_9sec,fl_layer_200049.png,https://drive.google.com/uc?export=download&id=1lJqW-E8o_hqx8flFn26ksoelJqgk6W_N
SUCCESS,51,0.2,PLA,210,50,Good,20,Grid,2,45,50,5mm,0.05,60,5min_8sec,fl_layer_200050.png,https://drive.google.com/uc?export=download&id=1OX5UV3jZyByO4afwUHJ6LwG3dlcgXqdR
SUCCESS,52,0.2,PLA,210,50,Good,20,Grid,2,45,50,5mm,0.05,60,5min_7sec,fl_layer_200051.png,https://drive.google.com/uc?export=download&id=1jjmv7Y4s16ygX-seArpKjbKUvbG8BbIj
SUCCESS,53,0.2,PLA,210,50,Good,20,Grid,2,45,50,5mm,0.05,60,5min_6sec,fl_layer_200052.png,https://drive.google.com/uc?export=download&id=1Tang5y1aI-tEgQ-v_6T5B6eDyh3cpC1_
SUCCESS,54,0.2,PLA,210,50,Good,20,Grid,2,45,50,5mm,0.05,60,5min_5sec,fl_layer_200053.png,https://drive.google.com/uc?export=download&id=1KJDrs6dVyjTrZEYwVBBfS4GxenZ4ZUwY
SUCCESS,55,0.2,PLA,210,50,Good,20,Grid,2,45,50,5mm,0.05,60,5min_4sec,fl_layer_200054.png,https://drive.google.com/uc?export=download&id=1zLuFriJgVQLr-Hz7u9-_bbjCirSo_T7t
SUCCESS,56,0.2,PLA,210,50,Good,20,Grid,2,45,50,5mm,0.05,60,5min_3sec,fl_layer_200055.png,https://drive.google.com/uc?export=download&id=1pAaH-fcyHtlKf6yPa-z89Pb56Ovvx1Jh
SUCCESS,57,0.2,PLA,210,50,Good,20,Grid,2,45,50,5mm,0.05,60,5min_2sec,fl_layer_200056.png,https://drive.google.com/uc?export=download&id=1aYuiFw5f7_DeS3AECM6bf5YdEC0kxtie
SUCCESS,58,0.2,PLA,210,50,Good,20,Grid,2,45,50,5mm,0.05,60,5min_1sec,fl_layer_200057.png,https://drive.google.com/uc?export=download&id=1fdiUnGXQvMs6iyHTQWjWzLrT3khOyezE
SUCCESS,59,0.2,PLA,210,50,Good,20,Grid,2,45,50,5mm,0.05,60,5min_0sec,fl_layer_200058.png,https://drive.google.com/uc?export=download&id=18Oh8poilZKesLehXRza9WbgJaVnjkTZD
SUCCESS,60,0.2,PLA,210,50,Good,20,Grid,2,45,50,5mm,0.05,60,5min_10sec,fl_layer_200059.png,https://drive.google.com/uc?export=download&id=1B_vrT3xS0yiwJAQ_w_LmL0HSJu-tyQvj
SUCCESS,61,0.2,PLA,210,50,Good,20,Grid,2,45,50,5mm,0.05,60,5min_12sec,fl_layer_200060.png,https://drive.google.com/uc?export=download&id=1l5Mo36Dx8iVQBvjeRsAfq8OgyDbh2XmI
SUCCESS,62,0.2,PLA,210,50,Good,20,Grid,2,45,50,5mm,0.05,60,5min_15sec,fl_layer_200061.png,https://drive.google.com/uc?export=download&id=1-2Etk6VQeIaOV_zQAg9gKMHmoDt847s1
SUCCESS,63,0.2,PLA,210,50,Good,20,Grid,2,45,50,5mm,0.05,60,5min_14sec,fl_layer_200062.png,https://drive.google.com/uc?export=download&id=1CU-urD2wyhOH8ooVCnnIeUJbuz-GnLDN
SUCCESS,64,0.2,PLA,210,50,Good,20,Grid,2,45,50,5mm,0.05,60,5min_13sec,fl_layer_200063.png,https://drive.google.com/uc?export=download&id=1lfw5DYmrSfWj4Jv6_Hx3_uijjVETBHt0
SUCCESS,65,0.2,PLA,210,50,Good,20,Grid,2,45,50,5mm,0.05,60,5min_16sec,fl_layer_200064.png,https://drive.google.com/uc?export=download&id=1zK0PAmcBA10C7LFnJeq0wGLegdTaH5n7
SUCCESS,66,0.2,PLA,210,50,Good,20,Grid,2,45,50,5mm,0.05,60,5min_17sec,fl_layer_200065.png,https://drive.google.com/uc?export=download&id=1enBXsFg0jNqqS78lrEnfT13S4gXmDKvQ
SUCCESS,67,0.2,PLA,210,50,Good,20,Grid,2,45,50,5mm,0.05,60,5min_18sec,fl_layer_200066.png,https://drive.google.com/uc?export=download&id=1rRvZDwwcJQ84V-TQ00MFQu8X30D3Su8q
SUCCESS,68,0.2,PLA,210,50,Good,20,Grid,2,45,50,5mm,0.05,60,5min_11sec,fl_layer_200067.png,https://drive.google.com/uc?export=download&id=1eYsJWs8fHzMiCLHBsuUTnISac6Oqb2Pp
SUCCESS,69,0.2,PLA,210,50,Good,20,Grid,2,45,50,5mm,0.05,60,5min_10sec,fl_layer_200068.png,https://drive.google.com/uc?export=download&id=1Y4womQ4oUMS6MYX8moE7BIIKhIhJoDv1
TIMED_OUT,70,0.2,PLA,210,50,Good,20,Grid,2,45,50,5mm,0.05,60,525600min_0sec,fl_layer_200069.png,https://drive.google.com/uc?export=download&id=1K9V9dsgVjOU4ewTB20brboEWpy5GzKGK
SUCCESS,71,0.2,PLA,210,50,Good,20,Grid,2,45,50,5mm,0.05,60,5min_8sec,fl_layer_200070.png,https://drive.google.com/uc?export=download&id=1bdnQpH1yZlRVHpp8oJsNCLKn5UA6JbYs
SUCCESS,72,0.2,PLA,210,50,Good,20,Grid,2,45,50,5mm,0.05,60,5min_7sec,fl_layer_200071.png,https://drive.google.com/uc?export=download&id=1sd06fqrFMiYllvamia6XQLr7vrjwiOzl
SUCCESS,73,0.2,PLA,210,50,Good,20,Grid,2,45,50,5mm,0.05,60,5min_6sec,fl_layer_200072.png,https://drive.google.com/uc?export=download&id=1r4zsi6t_OCzH4ZVeuVGdPmuRlWfljEXT
SUCCESS,74,0.2,PLA,210,50,Good,20,Grid,2,45,50,5mm,0.05,60,5min_5sec,fl_layer_200073.png,https://drive.google.com/uc?export=download&id=1CNkgZiLDZrIhR_L6gbmH-x7myNzEGq41
SUCCESS,75,0.2,PLA,210,50,Good,20,Grid,2,45,50,5mm,0.05,60,5min_4sec,fl_layer_200074.png,https://drive.google.com/uc?export=download&id=1z7FtaflXpmJaOVBxAqhU9Icxce9pdvdp
SUCCESS,76,0.2,PLA,210,50,Good,20,Grid,2,45,50,5mm,0.05,60,5min_3sec,fl_layer_200075.png,https://drive.google.com/uc?export=download&id=10UmrLlk_0MqtUKSJ8cnhMK41iQvsuOFk
SUCCESS,77,0.2,PLA,210,50,Good,20,Grid,2,45,50,5mm,0.05,60,5min_2sec,fl_layer_200076.png,https://drive.google.com/uc?export=download&id=1zBAdygWwVcf5GGcxS07306xOn4rlCAEP
SUCCESS,78,0.2,PLA,210,50,Good,20,Grid,2,45,50,5mm,0.05,60,5min_1sec,fl_layer_200077.png,https://drive.google.com/uc?export=download&id=16NP8sBQ-FK-ShTQJhZSyoHIzEdV8j3cA
SUCCESS,79,0.2,PLA,210,50,Good,20,Grid,2,45,50,5mm,0.05,60,5min_0sec,fl_layer_200078.png,https://drive.google.com/uc?export=download&id=1mANu5ERDIWBaKBz6zG8Jo_qPOVpAN3YV
SUCCESS,80,0.2,PLA,210,50,Good,20,Grid,2,45,50,5mm,0.05,60,5min_10sec,fl_layer_200079.png,https://drive.google.com/uc?export=download&id=1swWXhcJSKR63vbFhcWKE5dcF-Xcb5ojd
SUCCESS,81,0.2,PLA,210,50,Good,20,Grid,2,45,50,5mm,0.05,60,5min_12sec,fl_layer_200080.png,https://drive.google.com/uc?export=download&id=1uxpDSwSmsgpK7W766qv8WCsIMiutXGbF
SUCCESS,82,0.2,PLA,210,50,Good,20,Grid,2,45,50,5mm,0.05,60,5min_15sec,fl_layer_200081.png,https://drive.google.com/uc?export=download&id=1RZdMmUe0rn-cpIfsdg1iYc2y7Tf37buQ
SUCCESS,83,0.2,PLA,210,50,Good,20,Grid,2,45,50,5mm,0.05,60,5min_14sec,fl_layer_200082.png,https://drive.google.com/uc?export=download&id=1O6aCTm3ZNHUyY5H-xJuOAtRTE0irXIgw
SUCCESS,84,0.2,PLA,210,50,Good,20,Grid,2,45,50,5mm,0.05,60,5min_13sec,fl_layer_200083.png,https://drive.google.com/uc?export=download&id=19obDeTLiAr1F_eo8yrAvbPZco2nUZaBI
SUCCESS,85,0.2,PLA,210,50,Good,20,Grid,2,45,50,5mm,0.05,60,5min_16sec,fl_layer_200084.png,https://drive.google.com/uc?export=download&id=1YhCmS2mIaEaJuI-v1Gzywe5rvou9fqPy
SUCCESS,86,0.2,PLA,210,50,Good,20,Grid,2,45,50,5mm,0.05,60,5min_17sec,fl_layer_200085.png,https://drive.google.com/uc?export=download&id=1gmkARqAV5CU8SVBHwCtLG5gda3r4p2A2
SUCCESS,87,0.2,PLA,210,50,Good,20,Grid,2,45,50,5mm,0.05,60,5min_18sec,fl_layer_200086.png,https://drive.google.com/uc?export=download&id=1B9Zln55G1IGYzUidrZ6AytH1loIVxVRh
SUCCESS,88,0.2,PLA,210,50,Good,20,Grid,2,45,50,5mm,0.05,60,5min_11sec,fl_layer_200087.png,https://drive.google.com/uc?export=download&id=1yG_sx1M6uJFN2qiVBhxCpfWST2M-4auU
SUCCESS,89,0.2,PLA,210,50,Good,20,Grid,2,45,50,5mm,0.05,60,5min_10sec,fl_layer_200088.png,https://drive.google.com/uc?export=download&id=1m1BmHyl0NToIepLr30x8F2XnWiqe3kIV
SUCCESS,90,0.2,PLA,210,50,Good,20,Grid,2,45,50,5mm,0.05,60,5min_9sec,fl_layer_200089.png,https://drive.google.com/uc?export=download&id=1vKrFMJjuqsxbvxgwDCpfKYIuvBrC5KwR
SUCCESS,91,0.2,PLA,210,50,Good,20,Grid,2,45,50,5mm,0.05,60,5min_8sec,fl_layer_200090.png,https://drive.google.com/uc?export=download&id=1J5n-ZsJ6mvbIZyPLEAL7yWqQZmau3-Yg
SUCCESS,92,0.2,PLA,210,50,Good,20,Grid,2,45,50,5mm,0.05,60,5min_7sec,fl_layer_200091.png,https://drive.google.com/uc?export=download&id=15dIKtf1njwTFY2aT2H4sUGuHSpAmUWMu
SUCCESS,93,0.2,PLA,210,50,Good,20,Grid,2,45,50,5mm,0.05,60,5min_6sec,fl_layer_200092.png,https://drive.google.com/uc?export=download&id=1KiWBwv_ppD1ZdRkGOIh8I0HrFVGAKI48
SUCCESS,94,0.2,PLA,210,50,Good,20,Grid,2,45,50,5mm,0.05,60,5min_5sec,fl_layer_200093.png,https://drive.google.com/uc?export=download&id=1xCgcZuZV5929sbU0zMe4lwymCoRh6pxM
SUCCESS,95,0.2,PLA,210,50,Good,20,Grid,2,45,50,5mm,0.05,60,5min_4sec,fl_layer_200094.png,https://drive.google.com/uc?export=download&id=1btWA2MK_XkVXCpfz12PzGpIbDvDeO7rB
SUCCESS,96,0.2,PLA,210,50,Good,20,Grid,2,45,50,5mm,0.05,60,5min_3sec,fl_layer_200095.png,https://drive.google.com/uc?export=download&id=1sWEh7AFR_0JzKhx02MKXjrWysEQAEFR8
SUCCESS,97,0.2,PLA,210,50,Good,20,Grid,2,45,50,5mm,0.05,60,5min_2sec,fl_layer_200096.png,https://drive.google.com/uc?export=download&id=1iFooFF5poeuOqp1DeagzsIiMWe0Pdt9B
SUCCESS,98,0.2,PLA,210,50,Good,20,Grid,2,45,50,5mm,0.05,60,5min_1sec,fl_layer_200097.png,https://drive.google.com/uc?export=download&id=1H5wHc71W1i8-i26nNXA5blfGQ7uDyyjA
SUCCESS,99,0.2,PLA,210,50,Good,20,Grid,2,45,50,5mm,0.05,60,5min_0sec,fl_layer_200098.png,https://drive.google.com/uc?export=download&id=1m7axuuIteIPUAFehF5mBm3CBeoxRYsxJ
SUCCESS,100,0.2,PLA,210,50,Good,20,Grid,2,45,50,5mm,0.05,60,5min_10sec,fl_layer_200099.png,https://drive.google.com/uc?export=download&id=1Sz5FS4OdQfH5XInAWkZ7iTQgxoyEAtpM
SUCCESS,101,0.2,PLA,210,50,Good,20,Grid,2,45,50,5mm,0.05,60,5min_12sec,fl_layer_200100.png,https://drive.google.com/uc?export=download&id=1PTCrqT10Qww5xkqY-9HAily0ImCTgOks
SUCCESS,102,0.2,PLA,210,50,Good,20,Grid,2,45,50,5mm,0.05,60,5min_15sec,fl_layer_200101.png,https://drive.google.com/uc?export=download&id=18Q09K6WXK0GmHaRUv12A57kBWxEs0yLC
SUCCESS,103,0.2,PLA,210,50,Good,20,Grid,2,45,50,5mm,0.05,60,5min_14sec,fl_layer_200102.png,https://drive.google.com/uc?export=download&id=1e-S5kE0T_vdxP996Ao8PvivHmKCRcVVB
SUCCESS,104,0.2,PLA,210,50,Good,20,Grid,2,45,50,5mm,0.05,60,5min_13sec,fl_layer_200103.png,https://drive.google.com/uc?export=download&id=1-llJK5C_3aGk4pLvKEKZeOodpGbQkmyT
SUCCESS,105,0.2,PLA,210,50,Good,20,Grid,2,45,50,5mm,0.05,60,5min_16sec,fl_layer_200104.png,https://drive.google.com/uc?export=download&id=1Iw_mXwqNmNItZeeG__KttuE5kwPiH4ej
SUCCESS,106,0.2,PLA,210,50,Good,20,Grid,2,45,50,5mm,0.05,60,5min_17sec,fl_layer_200105.png,https://drive.google.com/uc?export=download&id=1khMczvnazcLDpdWiiLzwuCqaRwJItIe7
SUCCESS,107,0.2,PLA,210,50,Good,20,Grid,2,45,50,5mm,0.05,60,5min_18sec,fl_layer_200106.png,https://drive.google.com/uc?export=download&id=1KPNpRzZo3iS3p2POPhcpaOh4Psv3_fzT
SUCCESS,108,0.2,PLA,210,50,Good,20,Grid,2,45,50,5mm,0.05,60,5min_11sec,fl_layer_200107.png,https://drive.google.com/uc?export=download&id=1x1tE-xa_eubmOZkNl0tojen2RZkmHsan
SUCCESS,109,0.2,PLA,210,50,Good,20,Grid,2,45,50,5mm,0.05,60,5min_10sec,fl_layer_200108.png,https://drive.google.com/uc?export=download&id=1FHwx-64eQ3kv1yDLUNMjb7675zZOahBs
SUCCESS,110,0.2,PLA,210,50,Good,20,Grid,2,45,50,5mm,0.05,60,5min_9sec,fl_layer_200109.png,https://drive.google.com/uc?export=download&id=1s2chqtSwlVTgHwxvUjRIc1UIQ2QdfOvK
SUCCESS,111,0.2,PLA,210,50,Good,20,Grid,2,45,50,5mm,0.05,60,5min_8sec,fl_layer_200110.png,https://drive.google.com/uc?export=download&id=1JoG7GPoX13FnQLx-ZeRgh1R6eshLOsgI
SUCCESS,112,0.2,PLA,210,50,Good,20,Grid,2,45,50,5mm,0.05,60,5min_7sec,fl_layer_200111.png,https://drive.google.com/uc?export=download&id=1Z7fIOeYwepHllSJD5EpczoKhV-2dLaB4
SUCCESS,113,0.2,PLA,210,50,Good,20,Grid,2,45,50,5mm,0.05,60,5min_6sec,fl_layer_200112.png,https://drive.google.com/uc?export=download&id=1WLvEs3LgrUCo60yHvLCjxTFz13Yb8nrz
SUCCESS,114,0.2,PLA,210,50,Good,20,Grid,2,45,50,5mm,0.05,60,5min_5sec,fl_layer_200113.png,https://drive.google.com/uc?export=download&id=1Su3Wgp4QCghc7Yr5rSIWFuxM0a_GMXHC
SUCCESS,115,0.2,PLA,210,50,Good,20,Grid,2,45,50,5mm,0.05,60,5min_4sec,fl_layer_200114.png,https://drive.google.com/uc?export=download&id=1hDO-Ahzh_grshkwaeW7y5rCB5HZdeVEe
SUCCESS,116,0.2,PLA,210,50,Good,20,Grid,2,45,50,5mm,0.05,60,5min_3sec,fl_layer_200115.png,https://drive.google.com/uc?export=download&id=1eichTayB01Qtalj7mt9N-CGTJE6crQTm
SUCCESS,117,0.2,PLA,210,50,Good,20,Grid,2,45,50,5mm,0.05,60,5min_2sec,fl_layer_200116.png,https://drive.google.com/uc?export=download&id=1F3SuCSmfFwRutt9WnvaiWOcp1nAe8CMb
SUCCESS,118,0.2,PLA,210,50,Good,20,Grid,2,45,50,5mm,0.05,60,5min_1sec,fl_layer_200117.png,https://drive.google.com/uc?export=download&id=1MIMksMBIIKqM7RZN9ozOK5KShKxvvglX
SUCCESS,119,0.2,PLA,210,50,Good,20,Grid,2,45,50,5mm,0.05,60,5min_0sec,fl_layer_200118.png,https://drive.google.com/uc?export=download&id=1v6j0e5xcR4AHFSRSVG9-lCKQ8D7EMQuC
SUCCESS,120,0.2,PLA,210,50,Good,20,Grid,2,45,50,5mm,0.05,60,5min_10sec,fl_layer_200119.png,https://drive.google.com/uc?export=download&id=1mdJsQTVxVQaB6E5MvR2rLK1UN96KzMii
SUCCESS,121,0.2,PLA,210,50,Good,20,Grid,2,45,50,5mm,0.05,60,5min_12sec,fl_layer_200120.png,https://drive.google.com/uc?export=download&id=1B77lus4D34wfv4q_41oJdE7MFX8bUzFc
SUCCESS,122,0.2,PLA,210,50,Good,20,Grid,2,45,50,5mm,0.05,60,5min_15sec,fl_layer_200121.png,https://drive.google.com/uc?export=download&id=1JDjxHVUbTVj5PADBYXPzaAuPPuXM8-ui
SUCCESS,123,0.2,PLA,210,50,Good,20,Grid,2,45,50,5mm,0.05,60,5min_14sec,fl_layer_200122.png,https://drive.google.com/uc?export=download&id=1w-8KOy-kAKpAsvJXVzswLGIjRLQfJH7G
SUCCESS,124,0.2,PLA,210,50,Good,20,Grid,2,45,50,5mm,0.05,60,5min_13sec,fl_layer_200123.png,https://drive.google.com/uc?export=download&id=1zh16I50bUFeFd063tFgqGgdJJAnClXZS
SUCCESS,125,0.2,PLA,210,50,Good,20,Grid,2,45,50,5mm,0.05,60,5min_16sec,fl_layer_200124.png,https://drive.google.com/uc?export=download&id=1XAddi0It54mFeDBHSnriRl5mwZ9IZ5Xq
SUCCESS,126,0.2,PLA,210,50,Good,20,Grid,2,45,50,5mm,0.05,60,5min_17sec,fl_layer_200125.png,https://drive.google.com/uc?export=download&id=13yVeOiXMYZj2wZunEWwjJRWu5_xXKjs4
SUCCESS,127,0.2,PLA,210,50,Good,20,Grid,2,45,50,5mm,0.05,60,5min_18sec,fl_layer_200126.png,https://drive.google.com/uc?export=download&id=1yJW9DNwlwSwH_v_NIcsAL-qvZqDr9JH-
SUCCESS,128,0.2,PLA,210,50,Good,20,Grid,2,45,50,5mm,0.05,60,5min_11sec,fl_layer_200127.png,https://drive.google.com/uc?export=download&id=1BwlsRQN1RsUJ_IV66-HTBRsWrJ4dUgyt
SUCCESS,129,0.2,PLA,210,50,Good,20,Grid,2,45,50,5mm,0.05,60,5min_10sec,fl_layer_200128.png,https://drive.google.com/uc?export=download&id=1T2Y-pFFfo-tvdH_ej2q0LH2YSs1C9P1K
SUCCESS,130,0.2,PLA,210,50,Good,20,Grid,2,45,50,5mm,0.05,60,5min_9sec,fl_layer_200129.png,https://drive.google.com/uc?export=download&id=1PDAUQshgsd6oJbk0o1da-4gstTXkbsdp
SUCCESS,131,0.2,PLA,210,50,Good,20,Grid,2,45,50,5mm,0.05,60,5min_8sec,fl_layer_200130.png,https://drive.google.com/uc?export=download&id=12y2zWREGutrohI4Zrtcq-l4tREZaaA5P
SUCCESS,132,0.2,PLA,210,50,Good,20,Grid,2,45,50,5mm,0.05,60,5min_7sec,fl_layer_200131.png,https://drive.google.com/uc?export=download&id=1C6u_k1wIOSqYiNwG78ERIP4t2w80lo1f
SUCCESS,133,0.2,PLA,210,50,Good,20,Grid,2,45,50,5mm,0.05,60,5min_6sec,fl_layer_200132.png,https://drive.google.com/uc?export=download&id=1QzwzZLxQevMu_-w5LHHvKzi-oTxHGdqg
SUCCESS,134,0.2,PLA,210,50,Good,20,Grid,2,45,50,5mm,0.05,60,5min_5sec,fl_layer_200133.png,https://drive.google.com/uc?export=download&id=1FfChfjPtDFTz7olUIgXyaviLcdMeZF8n
SUCCESS,135,0.2,PLA,210,50,Good,20,Grid,2,45,50,5mm,0.05,60,5min_4sec,fl_layer_200134.png,https://drive.google.com/uc?export=download&id=1NujymGMfhPrQ_pNqLSbH29O1YM4Uf9LH
SUCCESS,136,0.2,PLA,210,50,Good,20,Grid,2,45,50,5mm,0.05,60,5min_3sec,fl_layer_200135.png,https://drive.google.com/uc?export=download&id=1CIYIGJ6AXPqQrs-dGgYgWTg0PD6o2wp0
SUCCESS,137,0.2,PLA,210,50,Good,20,Grid,2,45,50,5mm,0.05,60,5min_2sec,fl_layer_200136.png,https://drive.google.com/uc?export=download&id=1a3W5AmHn8QVzYDYEUAvm5yJMl3n0bAvJ
SUCCESS,138,0.2,PLA,210,50,Good,20,Grid,2,45,50,5mm,0.05,60,5min_1sec,fl_layer_200137.png,https://drive.google.com/uc?export=download&id=1yxzOKyQoIRqTrCAp3n-umbR5J0eyIxl_
SUCCESS,139,0.2,PLA,210,50,Good,20,Grid,2,45,50,5mm,0.05,60,5min_0sec,fl_layer_200138.png,https://drive.google.com/uc?export=download&id=1EWKcGQwJxsEaKiL6kBqqrrZAwsgxqoJT
SUCCESS,140,0.2,PLA,210,50,Good,20,Grid,2,45,50,5mm,0.05,60,5min_10sec,fl_layer_200139.png,https://drive.google.com/uc?export=download&id=1I-ENTVUT_QzrcuUCcGgD_vrPpNrrVuHQ
SUCCESS,141,0.2,PLA,210,50,Good,20,Grid,2,45,50,5mm,0.05,60,5min_12sec,fl_layer_200140.png,https://drive.google.com/uc?export=download&id=1_JPKXYYuLBo2kaIry2c_aZ4qstpNXYLJ
SUCCESS,142,0.2,PLA,210,50,Good,20,Grid,2,45,50,5mm,0.05,60,5min_15sec,fl_layer_200141.png,https://drive.google.com/uc?export=download&id=1zxpnOezt6sQZbyYeOC4yvob0wb3xrPDh
SUCCESS,143,0.2,PLA,210,50,Good,20,Grid,2,45,50,5mm,0.05,60,5min_14sec,fl_layer_200142.png,https://drive.google.com/uc?export=download&id=1knU8LL_beJ5Bvl6KHXkRelitjX6AWTGV
SUCCESS,144,0.2,PLA,210,50,Good,20,Grid,2,45,50,5mm,0.05,60,5min_13sec,fl_layer_200143.png,https://drive.google.com/uc?export=download&id=1WwxpRzNwxtdwQ2lgm4kqrpWBv_1g3sF9
SUCCESS,145,0.2,PLA,210,50,Good,20,Grid,2,45,50,5mm,0.05,60,5min_16sec,fl_layer_200144.png,https://drive.google.com/uc?export=download&id=15_TeUCVJFeINjZ9HtJZgzfGxN1CiB_pG
SUCCESS,146,0.2,PLA,210,50,Good,20,Grid,2,45,50,5mm,0.05,60,5min_17sec,fl_layer_200145.png,https://drive.google.com/uc?export=download&id=1tY1bDlKCc4eVIgn0BMnEvmBzN1jXP20l
SUCCESS,147,0.2,PLA,210,50,Good,20,Grid,2,45,50,5mm,0.05,60,5min_18sec,fl_layer_200146.png,https://drive.google.com/uc?export=download&id=1G3bajMIDLd6oBa4D7U-fTcCovFYmdy95
SUCCESS,148,0.2,PLA,210,50,Good,20,Grid,2,45,50,5mm,0.05,60,5min_11sec,fl_layer_200147.png,https://drive.google.com/uc?export=download&id=1VbHGnCWCbGYw1d9uEmWeifdcwvXc9TyS
SUCCESS,149,0.2,PLA,210,50,Good,20,Grid,2,45,50,5mm,0.05,60,5min_10sec,fl_layer_200148.png,https://drive.google.com/uc?export=download&id=1lDve2UdnKW4TAA5bEzHnnwtdQ6xs_Tcp
SUCCESS,150,0.2,PLA,210,50,Good,20,Grid,2,45,50,5mm,0.05,60,5min_9sec,fl_layer_200149.png,https://drive.google.com/uc?export=download&id=1SEa_ZyEC7Q12JqGsvFXZ8Hb5d6chNoGN
SUCCESS,151,0.2,PLA,210,50,Good,20,Grid,2,45,50,5mm,0.05,60,5min_8sec,fl_layer_200150.png,https://drive.google.com/uc?export=download&id=1ftEv4FCCESvnhvDUlqVMIIii8MKMhimA
SUCCESS,152,0.2,PLA,210,50,Good,20,Grid,2,45,50,5mm,0.05,60,5min_7sec,fl_layer_200151.png,https://drive.google.com/uc?export=download&id=1jMjshjVfJRNIpfMDStcADWJMQChRWN12
SUCCESS,153,0.2,PLA,210,50,Good,20,Grid,2,45,50,5mm,0.05,60,5min_6sec,fl_layer_200152.png,https://drive.google.com/uc?export=download&id=1BBGueF5RdUwNWFe-4ZQ29v0qIQu1J51u
SUCCESS,154,0.2,PLA,210,50,Good,20,Grid,2,45,50,5mm,0.05,60,5min_5sec,fl_layer_200153.png,https://drive.google.com/uc?export=download&id=1TROA1BhYPJHuRqMrLEPYHt_z_srXK7Xd
SUCCESS,155,0.2,PLA,210,50,Good,20,Grid,2,45,50,5mm,0.05,60,5min_4sec,fl_layer_200154.png,https://drive.google.com/uc?export=download&id=1Mb5dU80KnAsVnxv0UnMIXlOhiITz5tP8
SUCCESS,156,0.2,PLA,210,50,Good,20,Grid,2,45,50,5mm,0.05,60,5min_3sec,fl_layer_200155.png,https://drive.google.com/uc?export=download&id=1J5ePfQ4uevUwrH-I-Db9acGpzSuQbIBN
SUCCESS,157,0.2,PLA,210,50,Good,20,Grid,2,45,50,5mm,0.05,60,5min_2sec,fl_layer_200156.png,https://drive.google.com/uc?export=download&id=1Pwdk-Ho0yZ6vzTiFhFZw1QQRPShZa5Xr
SUCCESS,158,0.2,PLA,210,50,Good,20,Grid,2,45,50,5mm,0.05,60,5min_1sec,fl_layer_200157.png,https://drive.google.com/uc?export=download&id=1HISKmRCoQCTiAKLibAANNumIVPsjVfPw
SUCCESS,159,0.2,PLA,210,50,Good,20,Grid,2,45,50,5mm,0.05,60,5min_0sec,fl_layer_200158.png,https://drive.google.com/uc?export=download&id=1TbCwheI1JuyODKYMA0hYWvLdj4TaUxnO
SUCCESS,160,0.2,PLA,210,50,Good,20,Grid,2,45,50,5mm,0.05,60,5min_10sec,fl_layer_200159.png,https://drive.google.com/uc?export=download&id=15N7NjAl33ygHrfphb26DfnYGoAROfRDy
SUCCESS,161,0.2,PLA,210,50,Good,20,Grid,2,45,50,5mm,0.05,60,5min_12sec,fl_layer_200160.png,https://drive.google.com/uc?export=download&id=11zuqTmz04dwpwwsWVLcb2XD5mm-1En7p
SUCCESS,162,0.2,PLA,210,50,Good,20,Grid,2,45,50,5mm,0.05,60,5min_15sec,fl_layer_200161.png,https://drive.google.com/uc?export=download&id=1aEgjgfhkzzvBoPUQIl5H2IHNKK24UlJJ
SUCCESS,163,0.2,PLA,210,50,Good,20,Grid,2,45,50,5mm,0.05,60,5min_14sec,fl_layer_200162.png,https://drive.google.com/uc?export=download&id=1cLBAaoV9MOH9OBbe7KmCN9cQKQMCZDFP
SUCCESS,164,0.2,PLA,210,50,Good,20,Grid,2,45,50,5mm,0.05,60,5min_13sec,fl_layer_200163.png,https://drive.google.com/uc?export=download&id=1Y710pgNyKvhC0YSIhq8APDDaWRin3CMD
SUCCESS,165,0.2,PLA,210,50,Good,20,Grid,2,45,50,5mm,0.05,60,5min_16sec,fl_layer_200164.png,https://drive.google.com/uc?export=download&id=1corHz0-Yyv_PAn1ItZbQ3v0f--6v4Khw
SUCCESS,166,0.2,PLA,210,50,Good,20,Grid,2,45,50,5mm,0.05,60,5min_17sec,fl_layer_200165.png,https://drive.google.com/uc?export=download&id=1RDJ-3HhTLseZ8nNWe2cyFHP8GYGJTFCq
SUCCESS,167,0.2,PLA,210,50,Good,20,Grid,2,45,50,5mm,0.05,60,5min_18sec,fl_layer_200166.png,https://drive.google.com/uc?export=download&id=1w8lMCOK670ZNefQUtmgtj_e5HbRSC7gJ
SUCCESS,168,0.2,PLA,210,50,Good,20,Grid,2,45,50,5mm,0.05,60,5min_11sec,fl_layer_200167.png,https://drive.google.com/uc?export=download&id=1G_6-TIoSCJHtAZGnND8mZz4qp0a_5vqu
SUCCESS,169,0.2,PLA,210,50,Good,20,Grid,2,45,50,5mm,0.05,60,5min_10sec,fl_layer_200168.png,https://drive.google.com/uc?export=download&id=1vcFlrDXGKvvnk3GubGUXzffQgDOJBQCo
SUCCESS,170,0.2,PLA,210,50,Good,20,Grid,2,45,50,5mm,0.05,60,5min_9sec,fl_layer_200169.png,https://drive.google.com/uc?export=download&id=1k85qgycHrJtGlBBL5RRtTSutjk9S6WiA
SUCCESS,171,0.2,PLA,210,50,Good,20,Grid,2,45,50,5mm,0.05,60,5min_8sec,fl_layer_200170.png,https://drive.google.com/uc?export=download&id=1WiM5RCB3Z1asgNX1v4NrhIDWV5PAmG20
SUCCESS,172,0.2,PLA,210,50,Good,20,Grid,2,45,50,5mm,0.05,60,5min_7sec,fl_layer_200171.png,https://drive.google.com/uc?export=download&id=1_mSdLzRoYMukZPg_NkzUe5ZbAJ1l8u2Q
SUCCESS,173,0.2,PLA,210,50,Good,20,Grid,2,45,50,5mm,0.05,60,5min_6sec,fl_layer_200172.png,https://drive.google.com/uc?export=download&id=1RysXVl5l9aI3xbqFmWmYv8RpghReTpEk
SUCCESS,174,0.2,PLA,210,50,Good,20,Grid,2,45,50,5mm,0.05,60,5min_5sec,fl_layer_200173.png,https://drive.google.com/uc?export=download&id=1gitQPEGQkJj_9eQ83-iFHUzZdzUvHa4s
SUCCESS,175,0.2,PLA,210,50,Good,20,Grid,2,45,50,5mm,0.05,60,5min_4sec,fl_layer_200174.png,https://drive.google.com/uc?export=download&id=1LVZwuFb4GOVKMwsx0Y1Et9LNiv5V8qJA
SUCCESS,176,0.2,PLA,210,50,Good,20,Grid,2,45,50,5mm,0.05,60,5min_3sec,fl_layer_200175.png,https://drive.google.com/uc?export=download&id=1Y6drWLi68tU9YY8PfLBa-OOt28ZsmAum
SUCCESS,177,0.2,PLA,210,50,Good,20,Grid,2,45,50,5mm,0.05,60,5min_2sec,fl_layer_200176.png,https://drive.google.com/uc?export=download&id=1b7YZQsnjVDNSgwnbreYCJhV4whoJEmQZ
SUCCESS,178,0.2,PLA,210,50,Good,20,Grid,2,45,50,5mm,0.05,60,5min_1sec,fl_layer_200177.png,https://drive.google.com/uc?export=download&id=1_987eizrLdA8C4c3qKFTxr_bhkCCenDY
SUCCESS,179,0.2,PLA,210,50,Good,20,Grid,2,45,50,5mm,0.05,60,5min_0sec,fl_layer_200178.png,https://drive.google.com/uc?export=download&id=1eJSgM2JQMOKJ_At0XbAHcT7Hb3yGTVw0
SUCCESS,180,0.2,PLA,210,50,Good,20,Grid,2,45,50,5mm,0.05,60,5min_10sec,fl_layer_200179.png,https://drive.google.com/uc?export=download&id=1m45zLTa8rV3xHKritY6W5yNnHoQTdKuf
SUCCESS,181,0.2,PLA,210,50,Good,20,Grid,2,45,50,5mm,0.05,60,5min_12sec,fl_layer_200180.png,https://drive.google.com/uc?export=download&id=1yB_SjlKcXSxlvz4ykq68RCvsY5TC5djs
SUCCESS,182,0.2,PLA,210,50,Good,20,Grid,2,45,50,5mm,0.05,60,5min_15sec,fl_layer_200181.png,https://drive.google.com/uc?export=download&id=13ov7fRn01mEvCpx8pFIDvvkj3pn3KJIG
SUCCESS,183,0.2,PLA,210,50,Good,20,Grid,2,45,50,5mm,0.05,60,5min_14sec,fl_layer_200182.png,https://drive.google.com/uc?export=download&id=1Klyc9K5JOB8a8hWn1umuRgYMWPc2odOP
SUCCESS,184,0.2,PLA,210,50,Good,20,Grid,2,45,50,5mm,0.05,60,5min_13sec,fl_layer_200183.png,https://drive.google.com/uc?export=download&id=1WNGdGannZ8mbxBN9Kfc1v1FVoCQ2bYQi
SUCCESS,185,0.2,PLA,210,50,Good,20,Grid,2,45,50,5mm,0.05,60,5min_16sec,fl_layer_200184.png,https://drive.google.com/uc?export=download&id=13Qfj-wC9A-uP9BAqvlNxP6_nbpVTYpo0
SUCCESS,186,0.2,PLA,210,50,Good,20,Grid,2,45,50,5mm,0.05,60,5min_17sec,fl_layer_200185.png,https://drive.google.com/uc?export=download&id=1XhDPHPQB0G73GN1Pa8v7UFk7NghLdJ4_
SUCCESS,187,0.2,PLA,210,50,Good,20,Grid,2,45,50,5mm,0.05,60,5min_18sec,fl_layer_200186.png,https://drive.google.com/uc?export=download&id=11B-K6BWuCBy9uW2CEkbO_2-6abDVUPcT
SUCCESS,188,0.2,PLA,210,50,Good,20,Grid,2,45,50,5mm,0.05,60,5min_11sec,fl_layer_200187.png,https://drive.google.com/uc?export=download&id=1GZxbqp6voVu3Bb5oVkJx551TjIYtvuz3
SUCCESS,189,0.2,PLA,210,50,Good,20,Grid,2,45,50,5mm,0.05,60,5min_10sec,fl_layer_200188.png,https://drive.google.com/uc?export=download&id=11v0wMJjcuP_flKMf0Q2z8m524k9tTTK1
SUCCESS,190,0.2,PLA,210,50,Good,20,Grid,2,45,50,5mm,0.05,60,5min_9sec,fl_layer_200189.png,https://drive.google.com/uc?export=download&id=19tJCFglskjHjYx2cEVBrDc94VDtVm4Ds
SUCCESS,191,0.2,PLA,210,50,Good,20,Grid,2,45,50,5mm,0.05,60,5min_8sec,fl_layer_200190.png,https://drive.google.com/uc?export=download&id=1zM1HZHOaLeRNf2ktMxJCevTpAK1MR0eg
SUCCESS,192,0.2,PLA,210,50,Good,20,Grid,2,45,50,5mm,0.05,60,5min_7sec,fl_layer_200191.png,https://drive.google.com/uc?export=download&id=1ye4eb-CAOqr7L0FMPQ3uMLdOHQyO7je4
SUCCESS,193,0.2,PLA,210,50,Good,20,Grid,2,45,50,5mm,0.05,60,5min_6sec,fl_layer_200192.png,https://drive.google.com/uc?export=download&id=1AWNyb5KisvETbeRJuoLN8LC0kgDAtPWY
SUCCESS,194,0.2,PLA,210,50,Good,20,Grid,2,45,50,5mm,0.05,60,5min_5sec,fl_layer_200193.png,https://drive.google.com/uc?export=download&id=12eH3fr4LBZOiwglW-eyBvCQpBeoAXwed
SUCCESS,195,0.2,PLA,210,50,Good,20,Grid,2,45,50,5mm,0.05,60,5min_4sec,fl_layer_200194.png,https://drive.google.com/uc?export=download&id=777mph
SUCCESS,196,0.2,PLA,210,50,Good,20,Grid,2,45,50,5mm,0.05,60,5min_3sec,fl_layer_200195.png,https://drive.google.com/uc?export=download&id=1tBihI-nm9d-YCeXcRtWoIYFpuBzo-ocA
SUCCESS,197,0.2,PLA,210,50,Good,20,Grid,2,45,50,5mm,0.05,60,5min_2sec,fl_layer_200196.png,https://drive.google.com/uc?export=download&id=1CVrwuWmqYGdybscvGSjafu5rhPzvGWYE
SUCCESS,198,0.2,PLA,210,50,Good,20,Grid,2,45,50,5mm,0.05,60,5min_1sec,fl_layer_200197.png,https://drive.google.com/uc?export=download&id=1Wl9JluZ6FfzZi9XOOWSZAIUwzxnua2vf
SUCCESS,199,0.2,PLA,210,50,Good,20,Grid,2,45,50,5mm,0.05,60,5min_0sec,fl_layer_200198.png,https://drive.google.com/uc?export=download&id=1aVVO7hCpdgJ-8-8GYxHTfLd1D2bFVlhR
SUCCESS,200,0.2,PLA,210,50,Good,20,Grid,2,45,50,5mm,0.05,60,5min_10sec,fl_layer_200199.png,https://drive.google.com/uc?export=download&id=1aAZi_IOWiidqZ79_TL_wnfM_GIs7f0vm
SUCCESS,201,0.2,PLA,210,50,Good,20,Grid,2,45,50,5mm,0.05,60,5min_12sec,fl_layer_200200.png,https://drive.google.com/uc?export=download&id=1FiRpBfe5-MawuSyOvZ9Z4vdlR9NxJg0w
SUCCESS,202,0.2,PLA,210,50,Good,20,Grid,2,45,50,5mm,0.05,60,5min_15sec,fl_layer_200201.png,https://drive.google.com/uc?export=download&id=1R-lGB7i2lZ5MLQbkujOtXMlQcjSvvB-a
SUCCESS,203,0.2,PLA,210,50,Good,20,Grid,2,45,50,5mm,0.05,60,5min_14sec,fl_layer_200202.png,https://drive.google.com/uc?export=download&id=1Iu8fhQ6VdEPyPzzy1uSTZp3Itnj6ihCT
SUCCESS,204,0.2,PLA,210,50,Good,20,Grid,2,45,50,5mm,0.05,60,5min_13sec,fl_layer_200203.png,https://drive.google.com/uc?export=download&id=1Q3k98Rw1KYzRUMqD8txWowwvXvc3XwR5
SUCCESS,205,0.2,PLA,210,50,Good,20,Grid,2,45,50,5mm,0.05,60,5min_16sec,fl_layer_200204.png,https://drive.google.com/uc?export=download&id=1l_Glz8J_fDyrTQ-NdEyhzxGdP4TypYQD
SUCCESS,206,0.2,PLA,210,50,Good,20,Grid,2,45,50,5mm,0.05,60,5min_17sec,fl_layer_200205.png,https://drive.google.com/uc?export=download&id=1wwOPQverB_GLOG_UGKzjYMm3WGv6qx3I
SUCCESS,207,0.2,PLA,210,50,Good,20,Grid,2,45,50,5mm,0.05,60,5min_18sec,fl_layer_200206.png,https://drive.google.com/uc?export=download&id=1mk_Ro8UagiTgDURtoomBnBLoMdGrTXkm
SUCCESS,208,0.2,PLA,210,50,Good,20,Grid,2,45,50,5mm,0.05,60,5min_11sec,fl_layer_200207.png,https://drive.google.com/uc?export=download&id=1r-S-TGAkKQiU926gIhsC9pznoFsTR1cv
SUCCESS,209,0.2,PLA,210,50,Good,20,Grid,2,45,50,5mm,0.05,60,5min_10sec,fl_layer_200208.png,https://drive.google.com/uc?export=download&id=1gvE6g_tfhAN8-OlHwKYZojw_HFdlXmXA
SUCCESS,210,0.2,PLA,210,50,Good,20,Grid,2,45,50,5mm,0.05,60,5min_9sec,fl_layer_200209.png,https://drive.google.com/uc?export=download&id=1qUZI1Jgok1iD43vXh-7Knluw69Dk9USq
SUCCESS,211,0.2,PLA,210,50,Good,20,Grid,2,45,50,5mm,0.05,60,5min_8sec,fl_layer_200210.png,https://drive.google.com/uc?export=download&id=19iReGWWuqQHDtMG5NOEUKyxunG_860Ch
SUCCESS,212,0.2,PLA,210,50,Good,20,Grid,2,45,50,5mm,0.05,60,5min_7sec,fl_layer_200211.png,https://drive.google.com/uc?export=download&id=1C4psOmkTG8BP0JZMRJYmYdwvMl0S4R8q
SUCCESS,213,0.2,PLA,210,50,Good,20,Grid,2,45,50,5mm,0.05,60,5min_6sec,fl_layer_200212.png,https://drive.google.com/uc?export=download&id=1JtlKRvFCUSaj1w497_Q0y6GdPGSDENCU
SUCCESS,214,0.2,PLA,210,50,Good,20,Grid,2,45,50,5mm,0.05,60,5min_5sec,fl_layer_200213.png,https://drive.google.com/uc?export=download&id=1xSnGnSg3dJhhEiWnBRxCIlLfCMzwByvt
SUCCESS,215,0.2,PLA,210,50,Good,20,Grid,2,45,50,5mm,0.05,60,5min_4sec,fl_layer_200214.png,https://drive.google.com/uc?export=download&id=1UOzF32L5ZQz_ToJJx1xRPxSzjL1tBPhF
SUCCESS,216,0.2,PLA,210,50,Good,20,Grid,2,45,50,5mm,0.05,60,5min_3sec,fl_layer_200215.png,https://drive.google.com/uc?export=download&id=1NsnqH8y0xmP0HXv4fBJ1IJ6tccOmm0cp
SUCCESS,217,0.2,PLA,210,50,Good,20,Grid,2,45,50,5mm,0.05,60,5min_2sec,fl_layer_200216.png,https://drive.google.com/uc?export=download&id=1Hc_EitFP1aUzRR96RUmpZI8UNUH8_WI8
SUCCESS,218,0.2,PLA,210,50,Good,20,Grid,2,45,50,5mm,0.05,60,5min_1sec,fl_layer_200217.png,https://drive.google.com/uc?export=download&id=1KUDX3vBBo3kRA03ztrivmX1XugO54BkT
SUCCESS,219,0.2,PLA,210,50,Good,20,Grid,2,45,50,5mm,0.05,60,5min_0sec,fl_layer_200218.png,https://drive.google.com/uc?export=download&id=18IqMCBkkWMfK7gwH56cIHD3G9QdfHOuL
SUCCESS,220,0.2,PLA,210,50,Good,20,Grid,2,45,50,5mm,0.05,60,5min_10sec,fl_layer_200219.png,https://drive.google.com/uc?export=download&id=1NJAC8tvkHN6Wz8t1jKI1x_iHsJQuSPak
SUCCESS,221,0.2,PLA,210,50,Good,20,Grid,2,45,50,5mm,0.05,60,5min_12sec,fl_layer_200220.png,https://drive.google.com/uc?export=download&id=1HSqDpfejX7U-AJAylc9RewnU8hdf_Y50
SUCCESS,222,0.2,PLA,210,50,Good,20,Grid,2,45,50,5mm,0.05,60,5min_15sec,fl_layer_200221.png,https://drive.google.com/uc?export=download&id=1sebFdk3cWOuq7JRY9RVoJHonpY0S-VQF
SUCCESS,223,0.2,PLA,210,50,Good,20,Grid,2,45,50,5mm,0.05,60,5min_14sec,fl_layer_200222.png,https://drive.google.com/uc?export=download&id=1DAXTE9RHXZFP9weaNSvQOdwhxKHKWoEx
SUCCESS,224,0.2,PLA,210,50,Good,20,Grid,2,45,50,5mm,0.05,60,5min_13sec,fl_layer_200223.png,https://drive.google.com/uc?export=download&id=1sDk185hlgXyHDUQvYtrBlL_45NJOP_yB
SUCCESS,225,0.2,PLA,210,50,Good,20,Grid,2,45,50,5mm,0.05,60,5min_16sec,fl_layer_200224.png,https://drive.google.com/uc?export=download&id=1wnv5PUFa-u5Kj5KrT3Ee0Q1xQtbi--4e
SUCCESS,226,0.2,PLA,210,50,Good,20,Grid,2,45,50,5mm,0.05,60,5min_17sec,fl_layer_200225.png,https://drive.google.com/uc?export=download&id=1iKZJ-9YAVYvJGcFCkUZrtEG61Q0Eoiz2
SUCCESS,227,0.2,PLA,210,50,Good,20,Grid,2,45,50,5mm,0.05,60,5min_18sec,fl_layer_200226.png,https://drive.google.com/uc?export=download&id=1MYnLXCXwMFkX0jclYh2mKgTBQntQFk-g
SUCCESS,228,0.2,PLA,210,50,Good,20,Grid,2,45,50,5mm,0.05,60,5min_11sec,fl_layer_200227.png,https://drive.google.com/uc?export=download&id=1gFmVo1BBy_evEjBL7cIVaUIvgTi5Z-xx
SUCCESS,229,0.2,PLA,210,50,Good,20,Grid,2,45,50,5mm,0.05,60,5min_10sec,fl_layer_200228.png,https://drive.google.com/uc?export=download&id=19z2J_JXDrEQybXL52zmfobTXiy5Em-xH
SUCCESS,230,0.2,PLA,210,50,Good,20,Grid,2,45,50,5mm,0.05,60,5min_9sec,fl_layer_200229.png,https://drive.google.com/uc?export=download&id=19dcX3QAgaIashJbR_m8OVkFXmdONMn2W
SUCCESS,231,0.2,PLA,210,50,Good,20,Grid,2,45,50,5mm,0.05,60,5min_8sec,fl_layer_200230.png,https://drive.google.com/uc?export=download&id=1F6jJkz0hjxHl2cG6S0ZBvo4YRvpG9mgl
SUCCESS,232,0.2,PLA,210,50,Good,20,Grid,2,45,50,5mm,0.05,60,5min_7sec,fl_layer_200231.png,https://drive.google.com/uc?export=download&id=1XAJUfLUslV1hpRlmSPu3VnsIivP8PYh1
SUCCESS,233,0.2,PLA,210,50,Good,20,Grid,2,45,50,5mm,0.05,60,5min_6sec,fl_layer_200232.png,https://drive.google.com/uc?export=download&id=1htuQsB5-07JWTHYWVSZfNmHGE6sGK1DJ
SUCCESS,234,0.2,PLA,210,50,Good,20,Grid,2,45,50,5mm,0.05,60,5min_5sec,fl_layer_200233.png,https://drive.google.com/uc?export=download&id=17-e9Ax1rC-pFcY2Fx04RLMpDl-Xlf2hr
SUCCESS,235,0.2,PLA,210,50,Good,20,Grid,2,45,50,5mm,0.05,60,5min_4sec,fl_layer_200234.png,https://drive.google.com/uc?export=download&id=1-cphYKH7tbCJwLCBegKTRTvxzWZG1TWy
SUCCESS,236,0.2,PLA,210,50,Good,20,Grid,2,45,50,5mm,0.05,60,5min_3sec,fl_layer_200235.png,https://drive.google.com/uc?export=download&id=1lxuNPg3M2YLLMlswpUZZX8yZ9GiEOHn2
SUCCESS,237,0.2,PLA,210,50,Good,20,Grid,2,45,50,5mm,0.05,60,5min_2sec,fl_layer_200236.png,https://drive.google.com/uc?export=download&id=1o0CUd9xecmTD3v12gxtijcrnXof-tbZE
SUCCESS,238,0.2,PLA,210,50,Good,20,Grid,2,45,50,5mm,0.05,60,5min_1sec,fl_layer_200237.png,https://drive.google.com/uc?export=download&id=1o0WnNV9ovZGK01F_hFbpHBWUPDfaguMb
SUCCESS,239,0.2,PLA,210,50,Good,20,Grid,2,45,50,5mm,0.05,60,5min_0sec,fl_layer_200238.png,https://drive.google.com/uc?export=download&id=1ExUhNE8LzEFKW8pWSpcJYtLrfK0Nmw0L
SUCCESS,240,0.2,PLA,210,50,Good,20,Grid,2,45,50,5mm,0.05,60,5min_10sec,fl_layer_200239.png,https://drive.google.com/uc?export=download&id=1kBmFH6h5fa5iEhvBY2ooQJFx2qDWHFZA
SUCCESS,241,0.2,PLA,210,50,Good,20,Grid,2,45,50,5mm,0.05,60,5min_12sec,fl_layer_200240.png,https://drive.google.com/uc?export=download&id=1dZEi2VFa0UAeZjdOTmVMCKFtsutUlLmn
SUCCESS,242,0.2,PLA,210,50,Good,20,Grid,2,45,50,5mm,0.05,60,5min_15sec,fl_layer_200241.png,https://drive.google.com/uc?export=download&id=1R-mhgwJV0DAYac5yBwWcYaSLmE3IDC_A
SUCCESS,243,0.2,PLA,210,50,Good,20,Grid,2,45,50,5mm,0.05,60,5min_14sec,fl_layer_200242.png,https://drive.google.com/uc?export=download&id=1G6HmqTdwDdZbzdO8EDI2FRmzfbkxTbf0
SUCCESS,244,0.2,PLA,210,50,Good,20,Grid,2,45,50,5mm,0.05,60,5min_13sec,fl_layer_200243.png,https://drive.google.com/uc?export=download&id=1wcxTv2mDT1ewK35D0oxHaeOLe2bfFqRP
SUCCESS,245,0.2,PLA,210,50,Good,20,Grid,2,45,50,5mm,0.05,60,5min_16sec,fl_layer_200244.png,https://drive.google.com/uc?export=download&id=1Wz2wBoMTiubyGL9Kg6JkkURohPgLbPtb
SUCCESS,246,0.2,PLA,210,50,Good,20,Grid,2,45,50,5mm,0.05,60,5min_17sec,fl_layer_200245.png,https://drive.google.com/uc?export=download&id=15O02Zp3PIpj0o2jaCatqZdtBM28-O0Jc
SUCCESS,247,0.2,PLA,210,50,Good,20,Grid,2,45,50,5mm,0.05,60,5min_18sec,fl_layer_200246.png,https://drive.google.com/uc?export=download&id=1mAuQcx27ohVeyxVg8lCngsKtiP3220w2
SUCCESS,248,0.2,PLA,210,50,Good,20,Grid,2,45,50,5mm,0.05,60,5min_11sec,fl_layer_200247.png,https://drive.google.com/uc?export=download&id=1fwU3TcHCtSQgcVKVMh0GSOnz5s5FB6_W
SUCCESS,249,0.2,PLA,210,50,Good,20,Grid,2,45,50,5mm,0.05,60,5min_10sec,fl_layer_200248.png,https://drive.google.com/uc?export=download&id=1R8dqUCr-KvFHxj-ZTFPzfdBxf1XYFjbi
SUCCESS,250,0.2,PLA,210,50,Good,20,Grid,2,45,50,5mm,0.05,60,5min_9sec,fl_layer_200249.png,https://drive.google.com/uc?export=download&id=18CYyY-YiaXwc8VQWtUfy_iKzG9BUUdOb
SUCCESS,251,0.2,PLA,210,50,Good,20,Grid,2,45,50,5mm,0.05,60,5min_8sec,fl_layer_200250.png,https://drive.google.com/uc?export=download&id=1S73t045_-4CwREDmwVy5IthKZvvGS1QI
SUCCESS,252,0.2,PLA,210,50,Good,20,Grid,2,45,50,5mm,0.05,60,5min_7sec,fl_layer_200251.png,https://drive.google.com/uc?export=download&id=1Uyp1e769gfBQonfIqBJWitcVBI_cD5Mo
SUCCESS,253,0.2,PLA,210,50,Good,20,Grid,2,45,50,5mm,0.05,60,5min_6sec,fl_layer_200252.png,https://drive.google.com/uc?export=download&id=1tCe4BkutR9hnbiWNyzjVbjz9qBeWHdeB
SUCCESS,254,0.2,PLA,210,50,Good,20,Grid,2,45,50,5mm,0.05,60,5min_5sec,fl_layer_200253.png,https://drive.google.com/uc?export=download&id=1YpHXuh5IJx9ozqOkuggAcye4wBs_OIDz
SUCCESS,255,0.2,PLA,210,50,Good,20,Grid,2,45,50,5mm,0.05,60,5min_4sec,fl_layer_200254.png,https://drive.google.com/uc?export=download&id=15hcadD95h2La1C0bGpUAtKC4oZAHmOgS
SUCCESS,256,0.2,PLA,210,50,Good,20,Grid,2,45,50,5mm,0.05,60,5min_3sec,fl_layer_200255.png,https://drive.google.com/uc?export=download&id=1c_Q-67FX3JyONW1NVrXmztwRnPQx64Fw
SUCCESS,257,0.2,PLA,210,50,Good,20,Grid,2,45,50,5mm,0.05,60,5min_2sec,fl_layer_200256.png,https://drive.google.com/uc?export=download&id=1MMsXygMuPWlfgTpRVXPoLlg25a8Su1nQ
SUCCESS,258,0.2,PLA,210,50,Good,20,Grid,2,45,50,5mm,0.05,60,5min_1sec,fl_layer_200257.png,https://drive.google.com/uc?export=download&id=1sz0vsOQPxIPUcjsDvdBu5aKqH9xH9Fr9
SUCCESS,259,0.2,PLA,210,50,Good,20,Grid,2,45,50,5mm,0.05,60,5min_0sec,fl_layer_200258.png,https://drive.google.com/uc?export=download&id=1StU0zCqEte8HiD4EgmA6T4pvADIfMxLu
SUCCESS,260,0.2,PLA,210,50,Good,20,Grid,2,45,50,5mm,0.05,60,5min_10sec,fl_layer_200259.png,https://drive.google.com/uc?export=download&id=1_UDQfKowIAIWrvdF9EWaKR04nOaH2Mam
SUCCESS,261,0.2,PLA,210,50,Good,20,Grid,2,45,50,5mm,0.05,60,5min_12sec,fl_layer_200260.png,https://drive.google.com/uc?export=download&id=1AFWMGnMq1AvDUZdmmMSL6bWn4x6p3zUh
SUCCESS,262,0.2,PLA,210,50,Good,20,Grid,2,45,50,5mm,0.05,60,5min_15sec,fl_layer_200261.png,https://drive.google.com/uc?export=download&id=1ryemk0Ssv--PXHS6UNIcjaWw9ZvjXHQJ
SUCCESS,263,0.2,PLA,210,50,Good,20,Grid,2,45,50,5mm,0.05,60,5min_14sec,fl_layer_200262.png,https://drive.google.com/uc?export=download&id=17d0uj6qJxLkv-Qb2eGff0NKc1S5rUVJQ
SUCCESS,264,0.2,PLA,210,50,Good,20,Grid,2,45,50,5mm,0.05,60,5min_13sec,fl_layer_200263.png,https://drive.google.com/uc?export=download&id=1sm5UHvw0PSfJ1jzxzeqT_J51Qeud5U2m
SUCCESS,265,0.2,PLA,210,50,Good,20,Grid,2,45,50,5mm,0.05,60,5min_16sec,fl_layer_200264.png,https://drive.google.com/uc?export=download&id=1YOCV99ZfC1rPRi-FI5uVHMhgy8gQXJd9
SUCCESS,266,0.2,PLA,210,50,Good,20,Grid,2,45,50,5mm,0.05,60,5min_17sec,fl_layer_200265.png,https://drive.google.com/uc?export=download&id=1ZwaZtgw9Vw2m6jHj1XI1Uq8gizhkU3va
SUCCESS,267,0.2,PLA,210,50,Good,20,Grid,2,45,50,5mm,0.05,60,5min_18sec,fl_layer_200266.png,https://drive.google.com/uc?export=download&id=1xphHxVDjQoQTKa_TvCxy_5P9ewbZGZED
SUCCESS,268,0.2,PLA,210,50,Good,20,Grid,2,45,50,5mm,0.05,60,5min_11sec,fl_layer_200267.png,https://drive.google.com/uc?export=download&id=1MRmbYtB9Nf3ayYKTN5DSTLNu3tAeXo5A
SUCCESS,269,0.2,PLA,210,50,Good,20,Grid,2,45,50,5mm,0.05,60,5min_10sec,fl_layer_200268.png,https://drive.google.com/uc?export=download&id=1ynTvZTfOrL8uM8eWJuACVBUjiLB7Ekw6
SUCCESS,270,0.2,PLA,210,50,Good,20,Grid,2,45,50,5mm,0.05,60,5min_9sec,fl_layer_200269.png,https://drive.google.com/uc?export=download&id=1UZW4oD3eX9YWXn8Drc-xtEbqB_KigJdk
SUCCESS,271,0.2,PLA,210,50,Good,20,Grid,2,45,50,5mm,0.05,60,5min_8sec,fl_layer_200270.png,https://drive.google.com/uc?export=download&id=1I91Pwa_9xIzWVqGEE1xeJrCg55tjNC_U
SUCCESS,272,0.2,PLA,210,50,Good,20,Grid,2,45,50,5mm,0.05,60,5min_7sec,fl_layer_200271.png,https://drive.google.com/uc?export=download&id=1X11q23WpFpHRxoWS1vs_0ySxbAFsiILu
SUCCESS,273,0.2,PLA,210,50,Good,20,Grid,2,45,50,5mm,0.05,60,5min_6sec,fl_layer_200272.png,https://drive.google.com/uc?export=download&id=1B7YC94He4vAbtoyy5_LwO8_VFw8iFGAB
SUCCESS,274,0.2,PLA,210,50,Good,20,Grid,2,45,50,5mm,0.05,60,5min_5sec,fl_layer_200273.png,https://drive.google.com/uc?export=download&id=16TaGRe9HApexS9pzx3EM0Nbu3ygxdX_N
SUCCESS,275,0.2,PLA,210,50,Good,20,Grid,2,45,50,5mm,0.05,60,5min_4sec,fl_layer_200274.png,https://drive.google.com/uc?export=download&id=1NlvJjzccqGtm268llcGW6WzDceokJv8F
SUCCESS,276,0.2,PLA,210,50,Good,20,Grid,2,45,50,5mm,0.05,60,5min_3sec,fl_layer_200275.png,https://drive.google.com/uc?export=download&id=1mBaiy4kHF8lsIdG_ovT6a8sNjrNUXFyB
SUCCESS,277,0.2,PLA,210,50,Good,20,Grid,2,45,50,5mm,0.05,60,5min_2sec,fl_layer_200276.png,https://drive.google.com/uc?export=download&id=10dVLkNXxC3K0XC2xN3av-X3GYGIdMF3r
SUCCESS,278,0.2,PLA,210,50,Good,20,Grid,2,45,50,5mm,0.05,60,5min_1sec,fl_layer_200277.png,https://drive.google.com/uc?export=download&id=1A1d8lPF6AsgpszmJtWB8dzAoSfmnJ5Sv
SUCCESS,279,0.2,PLA,210,50,Good,20,Grid,2,45,50,5mm,0.05,60,5min_0sec,fl_layer_200278.png,https://drive.google.com/uc?export=download&id=1dLgWpqU4220dma6XIS8cq78Cq4w0vykl
SUCCESS,280,0.2,PLA,210,50,Good,20,Grid,2,45,50,5mm,0.05,60,5min_10sec,fl_layer_200279.png,https://drive.google.com/uc?export=download&id=1CHKzNre_XVJ3ZYJ7L5WxcBk0zChojnI4
SUCCESS,281,0.2,PLA,210,50,Good,20,Grid,2,45,50,5mm,0.05,60,5min_12sec,fl_layer_200280.png,https://drive.google.com/uc?export=download&id=1wrc-w_wHusDMOzrPzW8P6pCJx9Waa22e
SUCCESS,282,0.2,PLA,210,50,Good,20,Grid,2,45,50,5mm,0.05,60,5min_15sec,fl_layer_200281.png,https://drive.google.com/uc?export=download&id=1vpbaUluzH8kWgw4Pq4LECfM6HkHp12ue
SUCCESS,283,0.2,PLA,210,50,Good,20,Grid,2,45,50,5mm,0.05,60,5min_14sec,fl_layer_200282.png,https://drive.google.com/uc?export=download&id=1k15uEC-3u8sbmGib4QpIXUqY6BkSZyRT
SUCCESS,284,0.2,PLA,210,50,Good,20,Grid,2,45,50,5mm,0.05,60,5min_13sec,fl_layer_200283.png,https://drive.google.com/uc?export=download&id=1Cbu4kCnCSdXcVV2I1KNzCh7cd6RSmqJF
SUCCESS,285,0.2,PLA,210,50,Good,20,Grid,2,45,50,5mm,0.05,60,5min_16sec,fl_layer_200284.png,https://drive.google.com/uc?export=download&id=101YLpf60X5KcWqcEt-aMoCpcHHV7ZM8j
SUCCESS,286,0.2,PLA,210,50,Good,20,Grid,2,45,50,5mm,0.05,60,5min_17sec,fl_layer_200285.png,https://drive.google.com/uc?export=download&id=1HX_6RhYLtga0xP8gpfUaXq67gUAloVyF
SUCCESS,287,0.2,PLA,210,50,Good,20,Grid,2,45,50,5mm,0.05,60,5min_18sec,fl_layer_200286.png,https://drive.google.com/uc?export=download&id=1Hq-CH959a-w4rkyWX3nn41_GMKLJrpLW
SUCCESS,288,0.2,PLA,210,50,Good,20,Grid,2,45,50,5mm,0.05,60,5min_11sec,fl_layer_200287.png,https://drive.google.com/uc?export=download&id=1JkFgi7yc8qQ8ZewJ2a7VLOJbuObQGH7z
SUCCESS,289,0.2,PLA,210,50,Good,20,Grid,2,45,50,5mm,0.05,60,5min_10sec,fl_layer_200288.png,https://drive.google.com/uc?export=download&id=106wj8_7c9r1E_GbXoLvkKaEy0Q8-vogl
SUCCESS,290,0.2,PLA,210,50,Good,20,Grid,2,45,50,5mm,0.05,60,5min_9sec,fl_layer_200289.png,https://drive.google.com/uc?export=download&id=1sGXUDQlSqMBW-HT_WBAJHN8DwxYNqeBX
SUCCESS,291,0.2,PLA,210,50,Good,20,Grid,2,45,50,5mm,0.05,60,5min_8sec,fl_layer_200290.png,https://drive.google.com/uc?export=download&id=1nrqBTwvK22YUZQZrmdXdHIEjG0vj8mH5
SUCCESS,292,0.2,PLA,210,50,Good,20,Grid,2,45,50,5mm,0.05,60,5min_7sec,fl_layer_200291.png,https://drive.google.com/uc?export=download&id=1vtRSAlwPo5tN9wBAnXJXpO5BlXQtPKcN
SUCCESS,293,0.2,PLA,210,50,Good,20,Grid,2,45,50,5mm,0.05,60,5min_6sec,fl_layer_200292.png,https://drive.google.com/uc?export=download&id=10fpvEVfBV69MpQikdlJtdNjWi5tr9o7U
SUCCESS,294,0.2,PLA,210,50,Good,20,Grid,2,45,50,5mm,0.05,60,5min_5sec,fl_layer_200293.png,https://drive.google.com/uc?export=download&id=1D2LCN3SccKvzK36zs3Id0oKdrh2sCnfS
SUCCESS,295,0.2,PLA,210,50,Good,20,Grid,2,45,50,5mm,0.05,60,5min_4sec,fl_layer_200294.png,https://drive.google.com/uc?export=download&id=1mphhTsT5O3X6iktSU7x1oDRUBujg_kLw